[
  {
    "_id": 123,
    "topic": "Space",
    "userName": "SpaceX",
    "time": "2h",
    "image": "spacex.png",
    "liked": true,
    "replies": 123,
    "retuits": 345,
    "likes": 2345,
    "handle": "spacex",
    "tuitImage": "sx.jpg",
    "tuit": "You want to wake up in the morning and think the future is going to be great - and that’s what being a spacefaring civilization is all about. It’s about believing in the future and thinking that the future will be better than the past. And I can’t think of anything more exciting than going out there and being among the stars"
  },
  {
    "_id": 234,
    "topic": "Space",
    "userName": "Nasa",
    "time": "2h",
    "image": "nasa.png",
    "liked": false,
    "replies": 12,
    "retuits": 82,
    "likes": 9210,
    "handle": "nasa",
    "tuitImage": "",
    "tuit": "Ground control to Major Tom, your circuit's dead, there's something wrong. Can you hear me, Major Tom? Can you hear me, Major Tom? Commencing countdown, engines on. Check ignition and may God's love be with you. #SpaceOddity #NASA"
  },
  {
    "_id": 345,
    "topic": "Space",
    "userName": "SpaceX",
    "time": "2h",
    "image": "spacex.png",
    "liked": true,
    "replies": 25,
    "retuits": 720,
    "likes": 18000,
    "handle": "spacex",
    "tuitImage": "",
    "tuit": "Liftoff! The SpaceX Crew Dragon carrying @AstroBehnken and @Astro_Doug has lifted off from @NASAKennedy en route to the @space_station.\""
  }
]